{
	"code": "100",
	"alert": "",
	"result": {
		"hasMore": true,
        "records": [{
                    "issueId": 1753754,
                    "issueText": "17044期",
                    "timeText": "2017-04-19 星期三",
                    "results": [{
                                "color": "#DD420F",
                                "items": ["11", "16", "17", "18", "25"]
                                }, {
                                "color": "#6EA5E3",
                                "items": ["02","09"]
                                }]
                    },{
			"issueId": 1753754,
			"issueText": "17043期",
			"timeText": "2017-04-17 星期一",
			"results": [{
				"color": "#DD420F",
				"items": ["06", "13", "22", "25", "35"]
			}, {
				"color": "#6EA5E3",
				"items": ["09", "12"]
			}]
		}, {
			"issueId": 1750594,
			"issueText": "17042期",
			"timeText": "2017-04-15 星期六",
			"results": [{
				"color": "#DD420F",
				"items": ["02", "17", "31", "33", "34"]
			}, {
				"color": "#6EA5E3",
				"items": ["01", "07"]
			}]
		}, {
			"issueId": 1748479,
			"issueText": "17041期",
			"timeText": "2017-04-12 星期三",
			"results": [{
				"color": "#DD420F",
				"items": ["02", "04", "06", "25", "31"]
			}, {
				"color": "#6EA5E3",
				"items": ["05", "09"]
			}]
		}, {
			"issueId": 1746376,
			"issueText": "17040期",
			"timeText": "2017-04-10 星期一",
			"results": [{
				"color": "#DD420F",
				"items": ["04", "06", "10", "23", "29"]
			}, {
				"color": "#6EA5E3",
				"items": ["09", "11"]
			}]
		}, {
			"issueId": 1743216,
			"issueText": "17039期",
			"timeText": "2017-04-08 星期六",
			"results": [{
				"color": "#DD420F",
				"items": ["05", "06", "14", "17", "26"]
			}, {
				"color": "#6EA5E3",
				"items": ["03", "08"]
			}]
		}, {
			"issueId": 1741108,
			"issueText": "17038期",
			"timeText": "2017-04-05 星期三",
			"results": [{
				"color": "#DD420F",
				"items": ["04", "05", "13", "18", "27"]
			}, {
				"color": "#6EA5E3",
				"items": ["03", "09"]
			}]
		}, {
			"issueId": 1739001,
			"issueText": "17037期",
			"timeText": "2017-04-03 星期一",
			"results": [{
				"color": "#DD420F",
				"items": ["13", "15", "16", "32", "34"]
			}, {
				"color": "#6EA5E3",
				"items": ["06", "11"]
			}]
		}, {
			"issueId": 1735844,
			"issueText": "17036期",
			"timeText": "2017-04-01 星期六",
			"results": [{
				"color": "#DD420F",
				"items": ["01", "04", "09", "18", "33"]
			}, {
				"color": "#6EA5E3",
				"items": ["02", "05"]
			}]
		}, {
			"issueId": 1733727,
			"issueText": "17035期",
			"timeText": "2017-03-29 星期三",
			"results": [{
				"color": "#DD420F",
				"items": ["14", "17", "22", "30", "33"]
			}, {
				"color": "#6EA5E3",
				"items": ["07", "12"]
			}]
		}, {
			"issueId": 1731622,
			"issueText": "17034期",
			"timeText": "2017-03-27 星期一",
			"results": [{
				"color": "#DD420F",
				"items": ["06", "12", "21", "26", "29"]
			}, {
				"color": "#6EA5E3",
				"items": ["02", "11"]
			}]
		}, {
			"issueId": 1728464,
			"issueText": "17033期",
			"timeText": "2017-03-25 星期六",
			"results": [{
				"color": "#DD420F",
				"items": ["15", "22", "23", "25", "34"]
			}, {
				"color": "#6EA5E3",
				"items": ["05", "11"]
			}]
		}, {
			"issueId": 1726356,
			"issueText": "17032期",
			"timeText": "2017-03-22 星期三",
			"results": [{
				"color": "#DD420F",
				"items": ["02", "13", "14", "18", "29"]
			}, {
				"color": "#6EA5E3",
				"items": ["03", "09"]
			}]
		}, {
			"issueId": 1724244,
			"issueText": "17031期",
			"timeText": "2017-03-20 星期一",
			"results": [{
				"color": "#DD420F",
				"items": ["02", "16", "17", "30", "32"]
			}, {
				"color": "#6EA5E3",
				"items": ["02", "09"]
			}]
		}, {
			"issueId": 1721088,
			"issueText": "17030期",
			"timeText": "2017-03-18 星期六",
			"results": [{
				"color": "#DD420F",
				"items": ["21", "22", "24", "29", "34"]
			}, {
				"color": "#6EA5E3",
				"items": ["05", "06"]
			}]
		}, {
			"issueId": 1718975,
			"issueText": "17029期",
			"timeText": "2017-03-15 星期三",
			"results": [{
				"color": "#DD420F",
				"items": ["01", "06", "14", "17", "29"]
			}, {
				"color": "#6EA5E3",
				"items": ["01", "11"]
			}]
		}, {
			"issueId": 1716874,
			"issueText": "17028期",
			"timeText": "2017-03-13 星期一",
			"results": [{
				"color": "#DD420F",
				"items": ["06", "18", "22", "23", "33"]
			}, {
				"color": "#6EA5E3",
				"items": ["09", "11"]
			}]
		}, {
			"issueId": 1713713,
			"issueText": "17027期",
			"timeText": "2017-03-11 星期六",
			"results": [{
				"color": "#DD420F",
				"items": ["08", "17", "25", "33", "34"]
			}, {
				"color": "#6EA5E3",
				"items": ["03", "11"]
			}]
		}, {
			"issueId": 1711605,
			"issueText": "17026期",
			"timeText": "2017-03-08 星期三",
			"results": [{
				"color": "#DD420F",
				"items": ["10", "14", "19", "25", "32"]
			}, {
				"color": "#6EA5E3",
				"items": ["02", "07"]
			}]
		}],
		"totalCount": 100
	},
	"key": "1a103588be3a26a3cdfbb90c6d3db50b"
}
