{
	"code": "100",
	"alert": "",
	"result": {
		"hasMore": true,
		"records": [{
			"issueId": 1771657,
			"issueText": "2017100期",
			"timeText": "2017-04-17 星期一",
			"results": [{
				"color": "#DD420F",
				"items": ["5", "9", "6"]
			}]
		}, {
			"issueId": 1770598,
			"issueText": "2017099期",
			"timeText": "2017-04-16 星期日",
			"results": [{
				"color": "#DD420F",
				"items": ["0", "4", "6"]
			}]
		}, {
			"issueId": 1769546,
			"issueText": "2017098期",
			"timeText": "2017-04-15 星期六",
			"results": [{
				"color": "#DD420F",
				"items": ["4", "0", "7"]
			}]
		}, {
			"issueId": 1768494,
			"issueText": "2017097期",
			"timeText": "2017-04-14 星期五",
			"results": [{
				"color": "#DD420F",
				"items": ["7", "4", "9"]
			}]
		}, {
			"issueId": 1767437,
			"issueText": "2017096期",
			"timeText": "2017-04-13 星期四",
			"results": [{
				"color": "#DD420F",
				"items": ["4", "7", "0"]
			}]
		}, {
			"issueId": 1766382,
			"issueText": "2017095期",
			"timeText": "2017-04-12 星期三",
			"results": [{
				"color": "#DD420F",
				"items": ["5", "9", "3"]
			}]
		}, {
			"issueId": 1765332,
			"issueText": "2017094期",
			"timeText": "2017-04-11 星期二",
			"results": [{
				"color": "#DD420F",
				"items": ["5", "7", "3"]
			}]
		}, {
			"issueId": 1764281,
			"issueText": "2017093期",
			"timeText": "2017-04-10 星期一",
			"results": [{
				"color": "#DD420F",
				"items": ["8", "4", "0"]
			}]
		}, {
			"issueId": 1763224,
			"issueText": "2017092期",
			"timeText": "2017-04-09 星期日",
			"results": [{
				"color": "#DD420F",
				"items": ["3", "0", "5"]
			}]
		}, {
			"issueId": 1762169,
			"issueText": "2017091期",
			"timeText": "2017-04-08 星期六",
			"results": [{
				"color": "#DD420F",
				"items": ["3", "4", "1"]
			}]
		}, {
			"issueId": 1761120,
			"issueText": "2017090期",
			"timeText": "2017-04-07 星期五",
			"results": [{
				"color": "#DD420F",
				"items": ["3", "9", "0"]
			}]
		}, {
			"issueId": 1760062,
			"issueText": "2017089期",
			"timeText": "2017-04-06 星期四",
			"results": [{
				"color": "#DD420F",
				"items": ["5", "1", "8"]
			}]
		}, {
			"issueId": 1759016,
			"issueText": "2017088期",
			"timeText": "2017-04-05 星期三",
			"results": [{
				"color": "#DD420F",
				"items": ["3", "6", "6"]
			}]
		}, {
			"issueId": 1757961,
			"issueText": "2017087期",
			"timeText": "2017-04-04 星期二",
			"results": [{
				"color": "#DD420F",
				"items": ["3", "7", "7"]
			}]
		}, {
			"issueId": 1756911,
			"issueText": "2017086期",
			"timeText": "2017-04-03 星期一",
			"results": [{
				"color": "#DD420F",
				"items": ["6", "9", "7"]
			}]
		}, {
			"issueId": 1755854,
			"issueText": "2017085期",
			"timeText": "2017-04-02 星期日",
			"results": [{
				"color": "#DD420F",
				"items": ["5", "6", "0"]
			}]
		}, {
			"issueId": 1754801,
			"issueText": "2017084期",
			"timeText": "2017-04-01 星期六",
			"results": [{
				"color": "#DD420F",
				"items": ["8", "2", "2"]
			}]
		}, {
			"issueId": 1753753,
			"issueText": "2017083期",
			"timeText": "2017-03-31 星期五",
			"results": [{
				"color": "#DD420F",
				"items": ["1", "0", "5"]
			}]
		}],
		"totalCount": 100
	},
	"key": "6aab2bd0fc3cbdf731c48b71175443a0"
}