{
	"code": "100",
	"alert": "",
	"result": {
		"hasMore": true,
		"records": [{
			"issueId": 1777882,
			"issueText": "17041766期",
			"timeText": "2017-04-17 星期一",
			"results": [{
				"color": "#DD420F",
				"items": ["04", "03", "05", "10", "08"]
			}]
		}, {
			"issueId": 1777881,
			"issueText": "17041765期",
			"timeText": "2017-04-17 星期一",
			"results": [{
				"color": "#DD420F",
				"items": ["04", "02", "05", "09", "11"]
			}]
		}, {
			"issueId": 1777880,
			"issueText": "17041764期",
			"timeText": "2017-04-17 星期一",
			"results": [{
				"color": "#DD420F",
				"items": ["09", "06", "02", "03", "08"]
			}]
		}, {
			"issueId": 1777879,
			"issueText": "17041763期",
			"timeText": "2017-04-17 星期一",
			"results": [{
				"color": "#DD420F",
				"items": ["08", "03", "11", "02", "10"]
			}]
		}, {
			"issueId": 1777878,
			"issueText": "17041762期",
			"timeText": "2017-04-17 星期一",
			"results": [{
				"color": "#DD420F",
				"items": ["07", "04", "11", "01", "08"]
			}]
		}, {
			"issueId": 1777877,
			"issueText": "17041761期",
			"timeText": "2017-04-17 星期一",
			"results": [{
				"color": "#DD420F",
				"items": ["10", "05", "01", "06", "07"]
			}]
		}, {
			"issueId": 1777876,
			"issueText": "17041760期",
			"timeText": "2017-04-17 星期一",
			"results": [{
				"color": "#DD420F",
				"items": ["11", "03", "04", "01", "10"]
			}]
		}, {
			"issueId": 1777875,
			"issueText": "17041759期",
			"timeText": "2017-04-17 星期一",
			"results": [{
				"color": "#DD420F",
				"items": ["09", "07", "05", "11", "10"]
			}]
		}, {
			"issueId": 1777874,
			"issueText": "17041758期",
			"timeText": "2017-04-17 星期一",
			"results": [{
				"color": "#DD420F",
				"items": ["07", "06", "03", "04", "05"]
			}]
		}, {
			"issueId": 1777873,
			"issueText": "17041757期",
			"timeText": "2017-04-17 星期一",
			"results": [{
				"color": "#DD420F",
				"items": ["06", "08", "04", "07", "03"]
			}]
		}, {
			"issueId": 1777872,
			"issueText": "17041756期",
			"timeText": "2017-04-17 星期一",
			"results": [{
				"color": "#DD420F",
				"items": ["03", "02", "07", "05", "11"]
			}]
		}, {
			"issueId": 1777871,
			"issueText": "17041755期",
			"timeText": "2017-04-17 星期一",
			"results": [{
				"color": "#DD420F",
				"items": ["08", "03", "05", "04", "06"]
			}]
		}, {
			"issueId": 1777870,
			"issueText": "17041754期",
			"timeText": "2017-04-17 星期一",
			"results": [{
				"color": "#DD420F",
				"items": ["06", "07", "04", "05", "01"]
			}]
		}, {
			"issueId": 1777869,
			"issueText": "17041753期",
			"timeText": "2017-04-17 星期一",
			"results": [{
				"color": "#DD420F",
				"items": ["08", "02", "03", "01", "09"]
			}]
		}, {
			"issueId": 1777868,
			"issueText": "17041752期",
			"timeText": "2017-04-17 星期一",
			"results": [{
				"color": "#DD420F",
				"items": ["06", "11", "07", "10", "01"]
			}]
		}, {
			"issueId": 1777867,
			"issueText": "17041751期",
			"timeText": "2017-04-17 星期一",
			"results": [{
				"color": "#DD420F",
				"items": ["03", "01", "08", "02", "10"]
			}]
		}, {
			"issueId": 1777866,
			"issueText": "17041750期",
			"timeText": "2017-04-17 星期一",
			"results": [{
				"color": "#DD420F",
				"items": ["07", "01", "11", "04", "08"]
			}]
		}, {
			"issueId": 1777865,
			"issueText": "17041749期",
			"timeText": "2017-04-17 星期一",
			"results": [{
				"color": "#DD420F",
				"items": ["09", "10", "04", "01", "08"]
			}]
		}],
		"totalCount": 100
	},
	"key": "73f7691a6a3c52c40d45f58c45277e89"
}