{
	"code": "100",
	"alert": "",
	"result": {
		"hasMore": true,
		"records": [{
			"issueId": 1777978,
			"issueText": "17041778期",
			"timeText": "2017-04-17 星期一",
			"results": [{
				"color": "#DD420F",
				"items": ["09", "08", "05", "10", "03"]
			}]
		}, {
			"issueId": 1777977,
			"issueText": "17041777期",
			"timeText": "2017-04-17 星期一",
			"results": [{
				"color": "#DD420F",
				"items": ["02", "06", "05", "11", "03"]
			}]
		}, {
			"issueId": 1777976,
			"issueText": "17041776期",
			"timeText": "2017-04-17 星期一",
			"results": [{
				"color": "#DD420F",
				"items": ["09", "08", "10", "04", "06"]
			}]
		}, {
			"issueId": 1777975,
			"issueText": "17041775期",
			"timeText": "2017-04-17 星期一",
			"results": [{
				"color": "#DD420F",
				"items": ["08", "11", "02", "10", "06"]
			}]
		}, {
			"issueId": 1777974,
			"issueText": "17041774期",
			"timeText": "2017-04-17 星期一",
			"results": [{
				"color": "#DD420F",
				"items": ["10", "07", "03", "11", "02"]
			}]
		}, {
			"issueId": 1777973,
			"issueText": "17041773期",
			"timeText": "2017-04-17 星期一",
			"results": [{
				"color": "#DD420F",
				"items": ["05", "09", "10", "04", "08"]
			}]
		}, {
			"issueId": 1777972,
			"issueText": "17041772期",
			"timeText": "2017-04-17 星期一",
			"results": [{
				"color": "#DD420F",
				"items": ["10", "03", "06", "04", "09"]
			}]
		}, {
			"issueId": 1777971,
			"issueText": "17041771期",
			"timeText": "2017-04-17 星期一",
			"results": [{
				"color": "#DD420F",
				"items": ["03", "10", "08", "11", "01"]
			}]
		}, {
			"issueId": 1777970,
			"issueText": "17041770期",
			"timeText": "2017-04-17 星期一",
			"results": [{
				"color": "#DD420F",
				"items": ["01", "06", "08", "07", "10"]
			}]
		}, {
			"issueId": 1777969,
			"issueText": "17041769期",
			"timeText": "2017-04-17 星期一",
			"results": [{
				"color": "#DD420F",
				"items": ["03", "04", "11", "08", "05"]
			}]
		}, {
			"issueId": 1777968,
			"issueText": "17041768期",
			"timeText": "2017-04-17 星期一",
			"results": [{
				"color": "#DD420F",
				"items": ["03", "11", "09", "06", "02"]
			}]
		}, {
			"issueId": 1777967,
			"issueText": "17041767期",
			"timeText": "2017-04-17 星期一",
			"results": [{
				"color": "#DD420F",
				"items": ["07", "03", "08", "09", "06"]
			}]
		}, {
			"issueId": 1777966,
			"issueText": "17041766期",
			"timeText": "2017-04-17 星期一",
			"results": [{
				"color": "#DD420F",
				"items": ["09", "06", "11", "03", "04"]
			}]
		}, {
			"issueId": 1777965,
			"issueText": "17041765期",
			"timeText": "2017-04-17 星期一",
			"results": [{
				"color": "#DD420F",
				"items": ["11", "06", "08", "03", "09"]
			}]
		}, {
			"issueId": 1777964,
			"issueText": "17041764期",
			"timeText": "2017-04-17 星期一",
			"results": [{
				"color": "#DD420F",
				"items": ["08", "02", "05", "07", "03"]
			}]
		}, {
			"issueId": 1777963,
			"issueText": "17041763期",
			"timeText": "2017-04-17 星期一",
			"results": [{
				"color": "#DD420F",
				"items": ["02", "03", "09", "01", "11"]
			}]
		}, {
			"issueId": 1777962,
			"issueText": "17041762期",
			"timeText": "2017-04-17 星期一",
			"results": [{
				"color": "#DD420F",
				"items": ["09", "11", "06", "07", "02"]
			}]
		}, {
			"issueId": 1777961,
			"issueText": "17041761期",
			"timeText": "2017-04-17 星期一",
			"results": [{
				"color": "#DD420F",
				"items": ["04", "05", "01", "07", "10"]
			}]
		}],
		"totalCount": 100
	},
	"key": "4bd0362d7f917e1a8e5b5e0d7d3a80ab"
}