{
	"code": "100",
	"alert": "",
	"result": {
		"hasMore": true,
		"records": [{
			"issueId": 1771659,
			"issueText": "17100期",
			"timeText": "2017-04-17 星期一",
			"results": [{
				"color": "#DD420F",
				"items": ["8", "1", "3"]
			}]
		}, {
			"issueId": 1770600,
			"issueText": "17099期",
			"timeText": "2017-04-16 星期日",
			"results": [{
				"color": "#DD420F",
				"items": ["9", "9", "6"]
			}]
		}, {
			"issueId": 1769548,
			"issueText": "17098期",
			"timeText": "2017-04-15 星期六",
			"results": [{
				"color": "#DD420F",
				"items": ["2", "2", "8"]
			}]
		}, {
			"issueId": 1768496,
			"issueText": "17097期",
			"timeText": "2017-04-14 星期五",
			"results": [{
				"color": "#DD420F",
				"items": ["8", "0", "6"]
			}]
		}, {
			"issueId": 1767436,
			"issueText": "17096期",
			"timeText": "2017-04-13 星期四",
			"results": [{
				"color": "#DD420F",
				"items": ["8", "0", "9"]
			}]
		}, {
			"issueId": 1766383,
			"issueText": "17095期",
			"timeText": "2017-04-12 星期三",
			"results": [{
				"color": "#DD420F",
				"items": ["3", "2", "3"]
			}]
		}, {
			"issueId": 1765333,
			"issueText": "17094期",
			"timeText": "2017-04-11 星期二",
			"results": [{
				"color": "#DD420F",
				"items": ["0", "9", "8"]
			}]
		}, {
			"issueId": 1764282,
			"issueText": "17093期",
			"timeText": "2017-04-10 星期一",
			"results": [{
				"color": "#DD420F",
				"items": ["5", "8", "0"]
			}]
		}, {
			"issueId": 1763225,
			"issueText": "17092期",
			"timeText": "2017-04-09 星期日",
			"results": [{
				"color": "#DD420F",
				"items": ["7", "5", "9"]
			}]
		}, {
			"issueId": 1762170,
			"issueText": "17091期",
			"timeText": "2017-04-08 星期六",
			"results": [{
				"color": "#DD420F",
				"items": ["6", "7", "6"]
			}]
		}, {
			"issueId": 1761121,
			"issueText": "17090期",
			"timeText": "2017-04-07 星期五",
			"results": [{
				"color": "#DD420F",
				"items": ["2", "8", "3"]
			}]
		}, {
			"issueId": 1760063,
			"issueText": "17089期",
			"timeText": "2017-04-06 星期四",
			"results": [{
				"color": "#DD420F",
				"items": ["3", "8", "9"]
			}]
		}, {
			"issueId": 1759017,
			"issueText": "17088期",
			"timeText": "2017-04-05 星期三",
			"results": [{
				"color": "#DD420F",
				"items": ["5", "6", "1"]
			}]
		}, {
			"issueId": 1757963,
			"issueText": "17087期",
			"timeText": "2017-04-04 星期二",
			"results": [{
				"color": "#DD420F",
				"items": ["2", "3", "7"]
			}]
		}, {
			"issueId": 1756913,
			"issueText": "17086期",
			"timeText": "2017-04-03 星期一",
			"results": [{
				"color": "#DD420F",
				"items": ["9", "4", "4"]
			}]
		}, {
			"issueId": 1755856,
			"issueText": "17085期",
			"timeText": "2017-04-02 星期日",
			"results": [{
				"color": "#DD420F",
				"items": ["7", "2", "2"]
			}]
		}, {
			"issueId": 1754800,
			"issueText": "17084期",
			"timeText": "2017-04-01 星期六",
			"results": [{
				"color": "#DD420F",
				"items": ["8", "3", "6"]
			}]
		}, {
			"issueId": 1753751,
			"issueText": "17083期",
			"timeText": "2017-03-31 星期五",
			"results": [{
				"color": "#DD420F",
				"items": ["5", "6", "4"]
			}]
		}],
		"totalCount": 100
	},
	"key": "0872a7ac87358d3674c6e68a4fd026b3"
}