{
	"code": "100",
	"alert": "",
	"result": {
		"hasMore": true,
		"records": [{
			"issueId": 1752696,
			"issueText": "2017043期",
			"timeText": "2017-04-16 星期日",
			"results": [{
				"color": "#DD420F",
				"items": ["2", "2", "5", "5", "7", "8", "7"]
			}]
		}, {
			"issueId": 1749542,
			"issueText": "2017042期",
			"timeText": "2017-04-14 星期五",
			"results": [{
				"color": "#DD420F",
				"items": ["6", "6", "8", "4", "6", "8", "0"]
			}]
		}, {
			"issueId": 1747430,
			"issueText": "2017041期",
			"timeText": "2017-04-11 星期二",
			"results": [{
				"color": "#DD420F",
				"items": ["5", "5", "6", "9", "6", "1", "9"]
			}]
		}, {
			"issueId": 1745319,
			"issueText": "2017040期",
			"timeText": "2017-04-09 星期日",
			"results": [{
				"color": "#DD420F",
				"items": ["4", "2", "8", "6", "0", "7", "5"]
			}]
		}, {
			"issueId": 1742165,
			"issueText": "2017039期",
			"timeText": "2017-04-07 星期五",
			"results": [{
				"color": "#DD420F",
				"items": ["1", "0", "2", "1", "5", "2", "0"]
			}]
		}, {
			"issueId": 1740056,
			"issueText": "2017038期",
			"timeText": "2017-04-04 星期二",
			"results": [{
				"color": "#DD420F",
				"items": ["4", "5", "1", "5", "4", "4", "6"]
			}]
		}, {
			"issueId": 1737945,
			"issueText": "2017037期",
			"timeText": "2017-04-02 星期日",
			"results": [{
				"color": "#DD420F",
				"items": ["3", "2", "6", "5", "9", "3", "7"]
			}]
		}, {
			"issueId": 1734790,
			"issueText": "2017036期",
			"timeText": "2017-03-31 星期五",
			"results": [{
				"color": "#DD420F",
				"items": ["6", "2", "7", "4", "0", "2", "6"]
			}]
		}, {
			"issueId": 1732677,
			"issueText": "2017035期",
			"timeText": "2017-03-28 星期二",
			"results": [{
				"color": "#DD420F",
				"items": ["3", "5", "2", "5", "7", "6", "8"]
			}]
		}, {
			"issueId": 1730567,
			"issueText": "2017034期",
			"timeText": "2017-03-26 星期日",
			"results": [{
				"color": "#DD420F",
				"items": ["2", "2", "7", "3", "6", "5", "2"]
			}]
		}, {
			"issueId": 1727413,
			"issueText": "2017033期",
			"timeText": "2017-03-24 星期五",
			"results": [{
				"color": "#DD420F",
				"items": ["5", "1", "1", "8", "3", "2", "0"]
			}]
		}, {
			"issueId": 1725298,
			"issueText": "2017032期",
			"timeText": "2017-03-21 星期二",
			"results": [{
				"color": "#DD420F",
				"items": ["3", "1", "0", "6", "1", "1", "4"]
			}]
		}, {
			"issueId": 1723189,
			"issueText": "2017031期",
			"timeText": "2017-03-19 星期日",
			"results": [{
				"color": "#DD420F",
				"items": ["4", "4", "6", "0", "5", "2", "0"]
			}]
		}, {
			"issueId": 1720038,
			"issueText": "2017030期",
			"timeText": "2017-03-17 星期五",
			"results": [{
				"color": "#DD420F",
				"items": ["1", "1", "3", "7", "8", "9", "7"]
			}]
		}, {
			"issueId": 1717926,
			"issueText": "2017029期",
			"timeText": "2017-03-14 星期二",
			"results": [{
				"color": "#DD420F",
				"items": ["3", "9", "6", "0", "6", "1", "2"]
			}]
		}, {
			"issueId": 1715815,
			"issueText": "2017028期",
			"timeText": "2017-03-12 星期日",
			"results": [{
				"color": "#DD420F",
				"items": ["2", "2", "7", "1", "8", "8", "3"]
			}]
		}, {
			"issueId": 1712663,
			"issueText": "2017027期",
			"timeText": "2017-03-10 星期五",
			"results": [{
				"color": "#DD420F",
				"items": ["3", "4", "5", "8", "0", "4", "8"]
			}]
		}, {
			"issueId": 1710550,
			"issueText": "2017026期",
			"timeText": "2017-03-07 星期二",
			"results": [{
				"color": "#DD420F",
				"items": ["2", "0", "3", "8", "8", "5", "2"]
			}]
		}],
		"totalCount": 100
	},
	"key": "e6046d4f9cd4554258fbe7bd392e78c6"
}