{
	"code": "100",
	"alert": "",
	"result": {
		"hasMore": true,
        "records": [{
                    "issueId": 1751644,
                    "issueText": "2017045期",
                    "timeText": "2017-04-20ßßßß 星期四",
                    "results": [{
                                "color": "#DD420F",
                                "items": ["05", "07", "16", "21", "22", "25"]
                                }, {
                                "color": "#6EA5E3",
                                "items": ["06"]
                                }]
                    },{
			"issueId": 1751644,
			"issueText": "2017043期",
			"timeText": "2017-04-16 星期日",
			"results": [{
				"color": "#DD420F",
				"items": ["08", "13", "16", "23", "27", "31"]
			}, {
				"color": "#6EA5E3",
				"items": ["08"]
			}]
		}, {
			"issueId": 1749543,
			"issueText": "2017042期",
			"timeText": "2017-04-13 星期四",
			"results": [{
				"color": "#DD420F",
				"items": ["01", "02", "04", "07", "10", "23"]
			}, {
				"color": "#6EA5E3",
				"items": ["04"]
			}]
		}, {
			"issueId": 1747431,
			"issueText": "2017041期",
			"timeText": "2017-04-11 星期二",
			"results": [{
				"color": "#DD420F",
				"items": ["04", "10", "13", "15", "22", "27"]
			}, {
				"color": "#6EA5E3",
				"items": ["04"]
			}]
		}, {
			"issueId": 1744265,
			"issueText": "2017040期",
			"timeText": "2017-04-09 星期日",
			"results": [{
				"color": "#DD420F",
				"items": ["15", "19", "23", "28", "29", "33"]
			}, {
				"color": "#6EA5E3",
				"items": ["04"]
			}]
		}, {
			"issueId": 1742164,
			"issueText": "2017039期",
			"timeText": "2017-04-06 星期四",
			"results": [{
				"color": "#DD420F",
				"items": ["02", "04", "12", "14", "17", "24"]
			}, {
				"color": "#6EA5E3",
				"items": ["15"]
			}]
		}, {
			"issueId": 1740057,
			"issueText": "2017038期",
			"timeText": "2017-04-04 星期二",
			"results": [{
				"color": "#DD420F",
				"items": ["01", "04", "08", "13", "24", "27"]
			}, {
				"color": "#6EA5E3",
				"items": ["05"]
			}]
		}, {
			"issueId": 1736894,
			"issueText": "2017037期",
			"timeText": "2017-04-02 星期日",
			"results": [{
				"color": "#DD420F",
				"items": ["11", "15", "20", "22", "25", "30"]
			}, {
				"color": "#6EA5E3",
				"items": ["05"]
			}]
		}, {
			"issueId": 1734789,
			"issueText": "2017036期",
			"timeText": "2017-03-30 星期四",
			"results": [{
				"color": "#DD420F",
				"items": ["01", "02", "05", "10", "24", "27"]
			}, {
				"color": "#6EA5E3",
				"items": ["15"]
			}]
		}, {
			"issueId": 1732676,
			"issueText": "2017035期",
			"timeText": "2017-03-28 星期二",
			"results": [{
				"color": "#DD420F",
				"items": ["01", "06", "14", "24", "28", "32"]
			}, {
				"color": "#6EA5E3",
				"items": ["12"]
			}]
		}, {
			"issueId": 1729514,
			"issueText": "2017034期",
			"timeText": "2017-03-26 星期日",
			"results": [{
				"color": "#DD420F",
				"items": ["04", "07", "08", "19", "32", "33"]
			}, {
				"color": "#6EA5E3",
				"items": ["13"]
			}]
		}, {
			"issueId": 1727412,
			"issueText": "2017033期",
			"timeText": "2017-03-23 星期四",
			"results": [{
				"color": "#DD420F",
				"items": ["05", "07", "15", "20", "23", "30"]
			}, {
				"color": "#6EA5E3",
				"items": ["15"]
			}]
		}, {
			"issueId": 1725297,
			"issueText": "2017032期",
			"timeText": "2017-03-21 星期二",
			"results": [{
				"color": "#DD420F",
				"items": ["05", "08", "15", "24", "27", "31"]
			}, {
				"color": "#6EA5E3",
				"items": ["11"]
			}]
		}, {
			"issueId": 1722138,
			"issueText": "2017031期",
			"timeText": "2017-03-19 星期日",
			"results": [{
				"color": "#DD420F",
				"items": ["06", "10", "16", "26", "27", "29"]
			}, {
				"color": "#6EA5E3",
				"items": ["03"]
			}]
		}, {
			"issueId": 1720037,
			"issueText": "2017030期",
			"timeText": "2017-03-16 星期四",
			"results": [{
				"color": "#DD420F",
				"items": ["01", "07", "09", "20", "23", "30"]
			}, {
				"color": "#6EA5E3",
				"items": ["02"]
			}]
		}, {
			"issueId": 1717927,
			"issueText": "2017029期",
			"timeText": "2017-03-14 星期二",
			"results": [{
				"color": "#DD420F",
				"items": ["02", "15", "21", "23", "25", "30"]
			}, {
				"color": "#6EA5E3",
				"items": ["10"]
			}]
		}, {
			"issueId": 1714765,
			"issueText": "2017028期",
			"timeText": "2017-03-12 星期日",
			"results": [{
				"color": "#DD420F",
				"items": ["07", "08", "12", "13", "22", "30"]
			}, {
				"color": "#6EA5E3",
				"items": ["09"]
			}]
		}, {
			"issueId": 1712661,
			"issueText": "2017027期",
			"timeText": "2017-03-09 星期四",
			"results": [{
				"color": "#DD420F",
				"items": ["02", "04", "11", "14", "27", "30"]
			}, {
				"color": "#6EA5E3",
				"items": ["05"]
			}]
		}, {
			"issueId": 1710549,
			"issueText": "2017026期",
			"timeText": "2017-03-07 星期二",
			"results": [{
				"color": "#DD420F",
				"items": ["03", "10", "12", "19", "27", "30"]
			}, {
				"color": "#6EA5E3",
				"items": ["08"]
			}]
		}],
		"totalCount": 100
	},
	"key": "9d78485cf8f1b4eeca0228cbe23cb116"
}
