{
	"code": "100",
	"alert": "",
	"result": [{
		"lotteryType": 30011,
		"issueText": "第2017043期 最新开奖:2017-04-20 周四",
		"type": 3,
		"payload3": [{
			"color": "#DD420F",
			"items": ["05", "07", "16", "21", "22", "25"]
		}, {
			"color": "#6EA5E3",
			"items": ["06"]
		}]
	}, {
		"lotteryType": 10051,
		"issueText": "第17044期 最新开奖:2017-04-19 周三",
		"type": 3,
		"payload3": [{
			"color": "#DD420F",
			"items": ["11", "16", "17", "18", "25"]
		}, {
			"color": "#6EA5E3",
			"items": ["02", "09"]
		}]
	}, {
		"lotteryType": 30012,
		"issueText": "第2017100期 最新开奖:2017-04-17 周一",
		"type": 3,
		"payload3": [{
			"color": "#DD420F",
			"items": ["5", "9", "6"]
		}]
	}, {
		"lotteryType": 10053,
		"issueText": "第17100期 最新开奖:2017-04-17 周一",
		"type": 3,
		"payload3": [{
			"color": "#DD420F",
			"items": ["8", "1", "3"]
		}]
	}, {
		"lotteryType": 10054,
		"issueText": "第17100期 最新开奖:2017-04-17 周一",
		"type": 3,
		"payload3": [{
			"color": "#DD420F",
			"items": ["8", "1", "3", "1", "6"]
		}]
	}, {
		"lotteryType": 10052,
		"issueText": "第2017043期 最新开奖:2017-04-16 周日",
		"type": 3,
		"payload3": [{
			"color": "#DD420F",
			"items": ["2", "2", "5", "5", "7", "8", "7"]
		}]
	}],
	"key": "32b37a781a95f26d9dc80fe4f6f958ca"
}
