{"status":"0","data":{"amount":6915,"newslist":[{"id":"2c927ce18da74145083d232c6ead1a6c","lotterykey":"caipiao","type":"zixun","url":"http://news.cai88.com/article/120991.html","title":"羡慕！71岁装修工人露脸领1.77亿","subtitle":"","auther":"彩88","source":"彩88","time":1492744575725,"lotteryname":"彩票"},{"id":"d45fa7ea2ee116ba7e28a2dcf3d4e3f3","lotterykey":"caipiao","type":"zixun","url":"http://news.cai88.com/article/120766.html","title":"彩民中双色球879万 反复核对仍不信","subtitle":"","auther":"彩88","source":"彩88","time":1492165195641,"lotteryname":"彩票"},{"id":"9cba838abbed3ec1902cd7d689b5e8c9","lotterykey":"caipiao","type":"zixun","url":"http://news.cai88.com/article/120671.html","title":"彩民中807万遭奚落 被当作“疯了”","subtitle":"","auther":"彩88","source":"彩88","time":1491964599557,"lotteryname":"彩票"},{"id":"bc3dcd415bc450bdfa3f127ea4b8bdb7","lotterykey":"caipiao","type":"zixun","url":"http://news.cai88.com/article/120646.html","title":"80后夫妻中1069万 马不停蹄领取大奖","subtitle":"","auther":"彩88","source":"彩88","time":1491894429875,"lotteryname":"彩票"},{"id":"086f9e32d1a73c96ca8476d0e874c40e","lotterykey":"caipiao","type":"zixun","url":"http://news.cai88.com/article/120479.html","title":"上菜太慢 小伙顺手买彩中585万","subtitle":"","auther":"彩88","source":"彩88","time":1491473332780,"lotteryname":"彩票"},{"id":"b4f0e5570c1f5c1b3fc62e80b3098d6c","lotterykey":"caipiao","type":"zixun","url":"http://www.lecai.com/page/static/2017/4/412569.shtml","title":"[清羽]双色球039期：蓝球双胆14 16","subtitle":"","auther":"百度彩票","source":"百度彩票","time":1491356367000,"lotteryname":"彩票"},{"id":"0fc805bf53b384fe0e91af5dee60335b","lotterykey":"caipiao","type":"zixun","url":"http://news.cai88.com/article/120287.html","title":"小伙中500万：不适应百万富翁身份","subtitle":"","auther":"彩88","source":"彩88","time":1491038757865,"lotteryname":"彩票"},{"id":"104bd58b6843a62a291a0cc81bb1f985","lotterykey":"caipiao","type":"zixun","url":"http://news.cai88.com/article/120112.html","title":"先还房贷！女子偷偷花728元中513万","subtitle":"","auther":"彩88","source":"彩88","time":1490608628798,"lotteryname":"彩票"},{"id":"29a111cd9b7a2db7f6810a4c162b6520","lotterykey":"caipiao","type":"zixun","url":"http://www.lecai.com/page/static/2017/3/410985.shtml","title":"[木兮]双色球034期：四分区走势","subtitle":"","auther":"百度彩票","source":"百度彩票","time":1490405182000,"lotteryname":"彩票"},{"id":"11b1bb243017ba6cbd807b678bc3991f","lotterykey":"caipiao","type":"zixun","url":"http://news.cai88.com/article/120018.html","title":"男子喜中628万 保密不告诉家人","subtitle":"","auther":"彩88","source":"彩88","time":1490354512463,"lotteryname":"彩票"},{"id":"88c6d2eaaa0efea30f9bfaf55cf80835","lotterykey":"caipiao","type":"zixun","url":"http://news.cai88.com/article/119895.html","title":"过生日运气好！10元“蒙”中624万","subtitle":"","auther":"彩88","source":"彩88","time":1489996693277,"lotteryname":"彩票"},{"id":"1ef385e2bda9ac595337466b781ad4c3","lotterykey":"caipiao","type":"zixun","url":"http://news.cai88.com/article/119715.html","title":"70岁老人中856万 激动的差点跳楼","subtitle":"","auther":"彩88","source":"彩88","time":1489573112111,"lotteryname":"彩票"},{"id":"a90f3c4fbd2088b30e30998a0b06f654","lotterykey":"caipiao","type":"zixun","url":"http://www.lecai.com/page/static/2017/3/408246.shtml","title":"胜负彩17033期亚盘：谢周三升水降盘三分不稳","subtitle":"","auther":"百度彩票","source":"百度彩票","time":1488784544000,"lotteryname":"彩票"},{"id":"685b97fd1fa5c362b74a15fadad64f51","lotterykey":"caipiao","type":"zixun","url":"http://www.lecai.com/page/static/2017/3/408219.shtml","title":"胜负彩17032期开奖：头奖开174注 奖金6.1万","subtitle":"","auther":"百度彩票","source":"百度彩票","time":1488778710000,"lotteryname":"彩票"},{"id":"416c8e0e49455d96a38bbc71fc036765","lotterykey":"caipiao","type":"zixun","url":"http://www.lecai.com/page/static/2017/3/408132.shtml","title":"胜负彩17032期彩果：尤文1-1冷平 国米5-1大胜","subtitle":"","auther":"百度彩票","source":"百度彩票","time":1488767495000,"lotteryname":"彩票"},{"id":"83647c41bccd16fa1878331c3aba6f4d","lotterykey":"caipiao","type":"zixun","url":"http://www.lecai.com/page/static/2017/3/408058.shtml","title":"胜负彩17032期投注推荐：热刺有望笑到最后","subtitle":"","auther":"百度彩票","source":"百度彩票","time":1488698456000,"lotteryname":"彩票"},{"id":"911efc45fc2da7457aea125d5e6b2fe9","lotterykey":"caipiao","type":"zixun","url":"http://www.lecai.com/page/static/2017/3/408057.shtml","title":"胜负彩17032期盘口分析：国际米兰盘势虚高","subtitle":"","auther":"百度彩票","source":"百度彩票","time":1488698437000,"lotteryname":"彩票"},{"id":"825a9a3355a56f3c55ba14574950b0e9","lotterykey":"caipiao","type":"zixun","url":"http://www.lecai.com/page/static/2017/3/408056.shtml","title":"胜负彩17032期冷门提点：马竞赔了夫人又折兵","subtitle":"","auther":"百度彩票","source":"百度彩票","time":1488698417000,"lotteryname":"彩票"},{"id":"20ca2e7674c599c1f743571090f8e6dd","lotterykey":"caipiao","type":"zixun","url":"http://www.lecai.com/page/static/2017/3/408055.shtml","title":"胜负彩17031期开奖：开3千注5599元 滚存被清","subtitle":"","auther":"百度彩票","source":"百度彩票","time":1488698374000,"lotteryname":"彩票"},{"id":"b830a64c06684cf477565589d55e9059","lotterykey":"caipiao","type":"zixun","url":"http://www.lecai.com/page/static/2017/3/407925.shtml","title":"胜负彩031期平局捕捉：圣徒客场注定是场硬仗","subtitle":"","auther":"百度彩票","source":"百度彩票","time":1488611355000,"lotteryname":"彩票"},{"id":"b084b8fc3bee9526d1714afde97c0b4e","lotterykey":"caipiao","type":"zixun","url":"http://www.lecai.com/page/static/2017/3/407924.shtml","title":"足彩17131期任九实战：拜仁领衔皇马已无退路","subtitle":"","auther":"百度彩票","source":"百度彩票","time":1488611333000,"lotteryname":"彩票"},{"id":"d3eea0ecae1be711a44eba102e637091","lotterykey":"caipiao","type":"zixun","url":"http://www.lecai.com/page/static/2017/3/407923.shtml","title":"胜负彩17031期凯利指数：霍太公或可入主蓝狐","subtitle":"","auther":"百度彩票","source":"百度彩票","time":1488611313000,"lotteryname":"彩票"},{"id":"bbd84be35371f5a8d7702d690b0cff09","lotterykey":"caipiao","type":"zixun","url":"http://www.lecai.com/page/static/2017/3/407922.shtml","title":"胜负彩17030期开奖：头奖空开 滚存561万元","subtitle":"","auther":"百度彩票","source":"百度彩票","time":1488611258000,"lotteryname":"彩票"},{"id":"4ab10243f775ae538238a5e089ecb247","lotterykey":"caipiao","type":"zixun","url":"http://www.lecai.com/page/static/2017/3/407816.shtml","title":"胜负彩17030期彩果：红牛2-2 14场仅1场主胜","subtitle":"","auther":"百度彩票","source":"百度彩票","time":1488593205000,"lotteryname":"彩票"},{"id":"4472585dc8405106e36b3ffad06def9a","lotterykey":"caipiao","type":"zixun","url":"http://www.lecai.com/page/static/2017/3/407786.shtml","title":"胜负彩17030期平局捕捉：乙级联赛容易出平","subtitle":"","auther":"百度彩票","source":"百度彩票","time":1488528460000,"lotteryname":"彩票"},{"id":"06654ab30533c1bd1f4ad3442e17f1eb","lotterykey":"caipiao","type":"zixun","url":"http://www.lecai.com/page/static/2017/3/407785.shtml","title":"足彩17130期任九：红牛逆袭利兹联出师不利","subtitle":"","auther":"百度彩票","source":"百度彩票","time":1488528443000,"lotteryname":"彩票"},{"id":"1ca386ec7424c410b93ab80ae19eff9c","lotterykey":"caipiao","type":"zixun","url":"http://www.lecai.com/page/static/2017/3/407784.shtml","title":"胜负彩17030期凯利指数：莱比锡客场攻克堡垒","subtitle":"","auther":"百度彩票","source":"百度彩票","time":1488528421000,"lotteryname":"彩票"},{"id":"e93012f5cc33f5e9a8496652e20c43dc","lotterykey":"caipiao","type":"zixun","url":"http://news.cai88.com/article/119228.html","title":"险中8亿 福建彩民1号之差仅中77万","subtitle":"","auther":"彩88","source":"彩88","time":1488449168007,"lotteryname":"彩票"},{"id":"1885ad68ce0d7472f98079318caca862","lotterykey":"caipiao","type":"zixun","url":"http://www.lecai.com/page/static/2017/3/407659.shtml","title":"胜负彩第17029期开奖：开1注500万 滚存140万","subtitle":"","auther":"百度彩票","source":"百度彩票","time":1488442475000,"lotteryname":"彩票"},{"id":"6fb16fe4349aa980c7ad7364681982ae","lotterykey":"caipiao","type":"zixun","url":"http://www.lecai.com/page/static/2017/3/407658.shtml","title":"胜负彩第17028期开奖：头奖开16注奖金27.5万","subtitle":"","auther":"百度彩票","source":"百度彩票","time":1488442337000,"lotteryname":"彩票"},{"id":"64c0ca1864301b89cf607038be8ce92d","lotterykey":"caipiao","type":"zixun","url":"http://www.lecai.com/page/static/2017/3/407656.shtml","title":"胜负彩17030期亚盘：欧塞尔积极降水有作为","subtitle":"","auther":"百度彩票","source":"百度彩票","time":1488433393000,"lotteryname":"彩票"},{"id":"f44089d7a1b49a3e3b0d72b795a1da9d","lotterykey":"caipiao","type":"zixun","url":"http://www.lecai.com/page/static/2017/3/407527.shtml","title":"胜负彩17029期投注推荐：拜仁稳胆汉堡不败","subtitle":"","auther":"百度彩票","source":"百度彩票","time":1488352667000,"lotteryname":"彩票"},{"id":"0f7c69478858178c6ffb13ec679d480f","lotterykey":"caipiao","type":"zixun","url":"http://www.lecai.com/page/static/2017/3/407526.shtml","title":"胜负彩17029期盘口分析：格兰纳达低水利好","subtitle":"","auther":"百度彩票","source":"百度彩票","time":1488352632000,"lotteryname":"彩票"},{"id":"cbf349c3ebe0ca4edca57a447220baa6","lotterykey":"caipiao","type":"zixun","url":"http://www.lecai.com/page/static/2017/3/407525.shtml","title":"胜负彩17029期亚盘：马赛盘口不弱不无机会","subtitle":"","auther":"百度彩票","source":"百度彩票","time":1488352611000,"lotteryname":"彩票"},{"id":"b47f4fcc309bcc70987ff30ca3597822","lotterykey":"caipiao","type":"zixun","url":"http://www.lecai.com/page/static/2017/3/407404.shtml","title":"胜负彩第17028期彩果：尤文主胜 多特比赛推迟","subtitle":"","auther":"百度彩票","source":"百度彩票","time":1488336399000,"lotteryname":"彩票"},{"id":"f0627f022c7db29511393d4c57c2a2f7","lotterykey":"caipiao","type":"zixun","url":"http://www.lecai.com/page/static/2017/2/407369.shtml","title":"胜负彩17028期投注推荐：鹿岛鹿角胜算不小","subtitle":"","auther":"百度彩票","source":"百度彩票","time":1488264068000,"lotteryname":"彩票"},{"id":"70f8e72bbd43909885b0703322a95e05","lotterykey":"caipiao","type":"zixun","url":"http://www.lecai.com/page/static/2017/2/407368.shtml","title":"胜负彩17028期盘口分析：法兰克福高水不利","subtitle":"","auther":"百度彩票","source":"百度彩票","time":1488264049000,"lotteryname":"彩票"},{"id":"62e6ca1ece73cb73aa2d7101b401af76","lotterykey":"caipiao","type":"zixun","url":"http://www.lecai.com/page/static/2017/2/407367.shtml","title":"胜负彩17028期投注策略：亚冠彩对阵形势简单","subtitle":"","auther":"百度彩票","source":"百度彩票","time":1488264029000,"lotteryname":"彩票"},{"id":"5a999fb75d8cf5a50723434e8dd465d4","lotterykey":"caipiao","type":"zixun","url":"http://redirect.lecai.com/page/static/2017/2/406551.shtml","title":"【公告】广东11选5加奖4500万火爆来袭","subtitle":"","auther":"百度彩票","source":"百度彩票","time":1488262084000,"lotteryname":"彩票"},{"id":"2fee85dc2503678877fa394f26363354","lotterykey":"caipiao","type":"zixun","url":"http://news.cai88.com/article/119087.html","title":"不差钱！土豪投万元中双色球653万","subtitle":"","auther":"彩88","source":"彩88","time":1488251968164,"lotteryname":"彩票"},{"id":"ff41948ba335a0cb2cab9786a8bc1ba8","lotterykey":"caipiao","type":"zixun","url":"http://www.lecai.com/page/static/2017/2/407065.shtml","title":"胜负彩027期开奖：巴萨2-1客胜马竞 头奖361注","subtitle":"","auther":"百度彩票","source":"百度彩票","time":1488163026000,"lotteryname":"彩票"},{"id":"d57eedc869e92cb3f0066fabfd471664","lotterykey":"caipiao","type":"zixun","url":"http://www.lecai.com/page/static/2017/2/406997.shtml","title":"胜负彩17027期投注推荐：国米主场抢分成功","subtitle":"","auther":"百度彩票","source":"百度彩票","time":1488092142000,"lotteryname":"彩票"},{"id":"71320b03563ce3ac499be9d10ea039e2","lotterykey":"caipiao","type":"zixun","url":"http://www.lecai.com/page/static/2017/2/406996.shtml","title":"胜负彩17027期盘口分析：切沃低水盘势利好","subtitle":"","auther":"百度彩票","source":"百度彩票","time":1488092124000,"lotteryname":"彩票"},{"id":"95ef41fde9bad632a36c5361962b0400","lotterykey":"caipiao","type":"zixun","url":"http://www.lecai.com/page/static/2017/2/406995.shtml","title":"胜负彩17027期意甲前瞻：拉齐奥获指数力挺","subtitle":"","auther":"百度彩票","source":"百度彩票","time":1488092105000,"lotteryname":"彩票"},{"id":"5c2813576f97164ca04dff03a462a064","lotterykey":"caipiao","type":"zixun","url":"http://www.lecai.com/page/static/2017/2/406888.shtml","title":"胜负彩第17026期开奖：头奖开345注47415元","subtitle":"","auther":"百度彩票","source":"百度彩票","time":1488078955000,"lotteryname":"彩票"},{"id":"11e6b4fd8fc83b3ea011b51e75e6e1ba","lotterykey":"caipiao","type":"zixun","url":"http://news.cai88.com/article/118985.html","title":"女子被抛弃后中1450万 前男友悔死","subtitle":"","auther":"彩88","source":"彩88","time":1487934147277,"lotteryname":"彩票"},{"id":"930e71d29c3165daf93292b7d3c4f8db","lotterykey":"caipiao","type":"zixun","url":"http://www.lecai.com/page/static/2017/2/406560.shtml","title":"[木兮]大乐透021期：五区小幅升温","subtitle":"","auther":"百度彩票","source":"百度彩票","time":1487906148000,"lotteryname":"彩票"},{"id":"6a1203cc2ee0a862aaed86409604df86","lotterykey":"caipiao","type":"zixun","url":"http://news.cai88.com/article/118803.html","title":"女清洁工中864万 称要继续工作","subtitle":"","auther":"彩88","source":"彩88","time":1487558110446,"lotteryname":"彩票"},{"id":"4eb592cc78b03eccb67aea137b41f0fa","lotterykey":"caipiao","type":"zixun","url":"http://news.cai88.com/article/118656.html","title":"男子机选错一号 憾失525万头奖","subtitle":"","auther":"彩88","source":"彩88","time":1487128247984,"lotteryname":"彩票"},{"id":"fed3d292b46c5730914fac0c16240763","lotterykey":"caipiao","type":"zixun","url":"http://news.cai88.com/article/118480.html","title":"老彩民买了15年6+1 终中1600万","subtitle":"","auther":"彩88","source":"彩88","time":1486636602739,"lotteryname":"彩票"}]},"msg":""}
